index,starting_n,approx_digits,n_over_1e9,note
1,23159557,340,0.023160,new_discovery
2,117309848,372,0.117310,
3,136584738,375,0.136585,
4,218787064,385,0.218787,
5,411784485,397,0.411784,
6,423600750,398,0.423601,
7,523331634,402,0.523332,
8,640399031,406,0.640399,
9,987980498,415,0.987980,
10,1163461515,418,1.163462,
11,1370439187,421,1.370439,
12,1643105964,425,1.643106,
13,1691581855,426,1.691582,
14,1975860550,429,1.975861,
15,1996430175,429,1.996430,
